[
  {
    "WorkflowName": "CssQueueWorkflow",
    "Operator": "Or",
    "Rules": [
      {
        "RuleName": "If vehicle does not contains VIN number",
        "Expression": "obj.vin==Null",
        "RuleExpressionType": "LambdaExpression",
        "SuccessEvent": "{queueId:3,queuename:'Parking Lot Queue',message:'vehicle does not contains VIN number.'}"
      },
      {
        "RuleName": "If there is a special pickup date requested",
        "Expression": "obj.requested_location1_from_date!= Null",
        "RuleExpressionType": "LambdaExpression",
        "SuccessEvent": "{queueId:2,queuename:'CSS Queue',message:'There is a special pickup date requested.'}"
      },
      {
        "RuleName": "If there is a urgency for pickup ",
        "Expression": "obj.location1_urgency_reason!=Null",
        "RuleExpressionType": "LambdaExpression",
        "SuccessEvent": "{queueId:2,queuename:'CSS Queue',message:'There is an urgency for pickup.'}"
      },
      {
        "RuleName": "If pickup contact is VIP",
        "Expression": "obj.is_location1_is_vip_contact.Equals(true)",
        "RuleExpressionType": "LambdaExpression",
        "SuccessEvent": "{queueId:2,queuename:'CSS Queue',message:'Pickup contact is VIP.'}"
      },
      {
        "RuleName": "If there is a pickup notes",
        "Expression": "obj.location1_notes!=Null",
        "RuleExpressionType": "LambdaExpression",
        "SuccessEvent": "{queueId:2,queuename:'CSS Queue',message:'There is a pickup notes.'}"
      },
      {
        "RuleName": "Don't call until the given date for pickup",
        "Expression": "obj.location1_date_sensitivities!= Null",
        "RuleExpressionType": "LambdaExpression",
        "SuccessEvent": "{queueId:3,queuename:'Parking Lot Queue',message:'Do not call until the given date for pickup.'}"
      },
      {
        "RuleName": "If there is a special delivery date requested",
        "Expression": "obj.requested_location2_from_date!= Null",
        "RuleExpressionType": "LambdaExpression",
        "SuccessEvent": "{queueId:2,queuename:'CSS Queue',message:'There is a special delivery date requested.'}"
      },
      {
        "RuleName": "If there is a urgency for delivery ",
        "Expression": "obj.location2_urgency_reason!=Null",
        "RuleExpressionType": "LambdaExpression",
        "SuccessEvent": "{queueId:2,queuename:'CSS Queue',message:'There is a urgency for delivery.'}"
      },
      {
        "RuleName": "If delivery contact is VIP",
        "Expression": "obj.is_location2_is_vip_contact.Equals(true)",
        "RuleExpressionType": "LambdaExpression",
        "SuccessEvent": "{queueId:2,queuename:'CSS Queue',message:'Delivery contact is VIP.'}"
      },
      {
        "RuleName": "If there is a delivery notes",
        "Expression": "obj.location2_notes!=Null",
        "RuleExpressionType": "LambdaExpression",
        "SuccessEvent": "{queueId:2,queuename:'CSS Queue',message:'There is a delivery notes.'}"
      },
      {
        "RuleName": "Don't call until the given date",
        "Expression": "obj.location2_date_sensitivities!= Null",
        "RuleExpressionType": "LambdaExpression",
        "SuccessEvent": "{queueId:3,queuename:'Parking Lot Queue',message:'Do not call until the given date for delivery.'}"
      },
      {
        "RuleName": "The Vehicle has no current registration, PARS is not  handling T&R and plates are being sent to PARS Team.",
        "Expression": "obj.does_the_vehicle_have_current_registration.Equals(false) && obj.do_you_want_pars_to_handle_t_n_r.Equals(false) && obj.will_you_send_the_plates_to_fleet_driver.Equals(false)",
        "RuleExpressionType": "LambdaExpression",
        "SuccessEvent": "{queueId:6,queuename:'T&R Queue',message:'The Vehicle has no current registration, PARS is not  handling T&R and plates are being sent to PARS Team.'}"
      },
      {
        "RuleName": "The Vehicle has no current registration, PARS is  handling T&R and no Item at HQ.",
        "Expression": "obj.does_the_vehicle_have_current_registration.Equals(false) && obj.do_you_want_pars_to_handle_t_n_r.Equals(true) && obj.no_item_at_hq.Equals(false)",
        "RuleExpressionType": "LambdaExpression",
        "SuccessEvent": "{queueId:6,queuename:'T&R Queue',message:'The Vehicle has no current registration, PARS is  handling T&R and no Item at HQ.'}"
      },
      {
        "RuleName": "The 30-day temp tag was not taken and agreed to delay delivery until T&R is completed.",
        "Expression": "obj.is_pars_to_issue_a_temp_tag.Equals(false) && obj.do_you_want_pars_to_delay_delivery.Equals(true)",
        "RuleExpressionType": "LambdaExpression",
        "SuccessEvent": "{queueId:6,queuename:'T&R Queue',message:'The 30-day temp tag was not taken and agreed to delay delivery until T&R is completed.'}"
      },
      {
        "RuleName": "If vehicle recall is true.",
        "Expression": "obj.is_recall.Equals(true)",
        "RuleExpressionType": "LambdaExpression",
        "SuccessEvent": "{queueId:7,queuename:'Vehicle Recall from NHTSA',message:'Recall alert: Multiple vehicles affected by safety issues, including software errors and faulty components. Free repairs or updates available.'}"
      }
      

      
    ]
  }
]
