{
  "Routes": [
    {
      "DownstreamPathTemplate": "/api/V1/User/GetUserDetailByEmail={email}",
      "DownstreamScheme": "https",
      "DownstreamHostAndPorts": [
        {
          "Host": "localhost",
          "Port": 44311
        }
      ],
      "RouteIsCaseSensitive": false,
      "UpstreamPathTemplate": "/api/V1/User/GetUserDetailByEmail={email}",
      "UpstreamHttpMethod": [ "GET" ],
      "AuthenticationOptions": {
        "AuthenticationProviderKey": "Bearer",
        "AllowedScopes": []
      },
      "RouteClaimsRequirement": {
        "UserPermission": "CanReadCase, CanReadProducts"
      },
      "AddHeadersToRequest": {
        "claims_UserId": "Claims[UserId] > value > |"
      }
    }
  ],
  "GlobalConfiguration": {
    "BaseUrl": "https://localhost:44311"
  }
}